1#AFG#Asia#Afghanistan#conventional long form: Islamic Republic of Afghanistan conventional short form: Afghanistan local long form: Jomhuri-ye Eslami-ye Afghanestan local short form: Afghanestan former: Republic of Afghanistan#name: Kabul geographic coordinates: 34 31 N 69 11 #noun: Afghan(s) adjective: Afghan#.af#slightly smaller than Texas#18
2##Middle East#Akrotiri#conventional long form: Akrotiri Sovereign Base Area conventional short form: Akrotiri#name: Episkopi Cantonment (base administrative cen###about 0.7 times the size of Washington DC#0
3#ALB#Europe#Albania#conventional long form: Republic of Albania conventional short form: Albania local long form: Republika e Shqiperise local short form: Shqiperia former: Peoples Socialist Republic of Albania#name: Tirana (Tirane) geographic coordinates: 41 1#noun: Albanian(s) adjective: Albanian#.al#slightly smaller than Maryland#18
4#DZA#Africa#Algeria#conventional long form: Peoples Democratic Republic of Algeria conventional short form: Algeria local long form: Al Jumhuriyah al Jazairiyah ad Dimuqratiyah ash Shabiyah local short form: Al Jazair#name: Algiers geographic coordinates: 36 45 N 3 03#noun: Algerian(s) adjective: Algerian#.dz#slightly less than 3.5 times the size of Texas#18
5##Oceania#American Samoa#conventional long form: Territory of American Samoa conventional short form: American Samoa abbreviation: AS#name: Pago Pago geographic coordinates: 14 16 S 17#noun: American Samoan(s) (US nationals) adjective: American Samoan#.as#slightly larger than Washington DC#18
6#AND#Europe#Andorra#conventional long form: Principality of Andorra conventional short form: Andorra local long form: Principat dAndorra local short form: Andorra#name: Andorra la Vella geographic coordinates: 42 #noun: Andorran(s) adjective: Andorran#.ad#2.5 times the size of Washington DC#18
7#AGO#Africa#Angola#conventional long form: Republic of Angola conventional short form: Angola local long form: Republica de Angola local short form: Angola former: Peoples Republic of Angola#name: Luanda geographic coordinates: 8 50 S 13 14 #noun: Angolan(s) adjective: Angolan#.ao#slightly less than twice the size of Texas#18
8##Central America and the Caribbean#Anguilla#conventional long form: none conventional short form: Anguilla#name: The Valley geographic coordinates: 18 13 N 6#noun: Anguillan(s) adjective: Anguillan#.ai#about one-half the size of Washington DC#18
9##Antarctic Region#Antarctica#conventional long form: none conventional short form: Antarctica###.aq#slightly less than 1.5 times the size of the US#0
10#ATG#Central America and the Caribbean#Antigua and Barbuda#conventional long form: none conventional short form: Antigua and Barbuda#name: Saint Johns geographic coordinates: 17 07 N#noun: Antiguan(s) Barbudan(s) adjective: Antiguan Barbudan#.ag#2.5 times the size of Washington DC#18
12#ARG#South America#Argentina#conventional long form: Argentine Republic conventional short form: Argentina local long form: Republica Argentina local short form: Argentina#name: Buenos Aires geographic coordinates: 34 36 S#noun: Argentine(s) adjective: Argentine#.ar#slightly less than three-tenths the size of the US#18
13#ARM#Asia#Armenia#conventional long form: Republic of Armenia conventional short form: Armenia local long form: Hayastani Hanrapetutyun local short form: Hayastan former: Armenian Soviet Socialist Republic Armenian Republic#name: Yerevan geographic coordinates: 40 10 N 44 3#noun: Armenian(s) adjective: Armenian#.am#slightly smaller than Maryland#18
14#ABW#Central America and the Caribbean#Aruba#conventional long form: none conventional short form: Aruba#name: Oranjestad geographic coordinates: 12 31 N 7#noun: Aruban(s) adjective: Aruban; Dutch#.aw#slightly larger than Washington DC#18
15##Southeast Asia#Ashmore and Cartier Islands#conventional long form: Territory of Ashmore and Cartier Islands conventional short form: Ashmore and Cartier Islands####about eight times the size of The Mall in Washington DC#0
17#AUS#Oceania#Australia#conventional long form: Commonwealth of Australia conventional short form: Australia#name: Canberra geographic coordinates: 35 17 S 149#noun: Australian(s) adjective: Australian#.au#slightly smaller than the US contiguous 48 states#18
18#AUT#Europe#Austria#conventional long form: Republic of Austria conventional short form: Austria local long form: Republik Oesterreich local short form: Oesterreich#name: Vienna geographic coordinates: 48 12 N 16 22#noun: Austrian(s) adjective: Austrian#.at#slightly smaller than Maine#16
19#AZE#Asia#Azerbaijan#conventional long form: Republic of Azerbaijan conventional short form: Azerbaijan local long form: Azarbaycan Respublikasi local short form: Azarbaycan former: Azerbaijan Soviet Socialist Republic#name: Baku (Baki Baky) geographic coordinates: 40 #noun: Azerbaijani(s) adjective: Azerbaijani#.az#slightly smaller than Maine#18
20#BHS#Central America and the Caribbean#Bahamas The#conventional long form: Commonwealth of The Bahamas conventional short form: The Bahamas#name: Nassau geographic coordinates: 25 05 N 77 21#noun: Bahamian(s) adjective: Bahamian#.bs#slightly smaller than Connecticut#18
21#BHR#Middle East#Bahrain#conventional long form: Kingdom of Bahrain conventional short form: Bahrain local long form: Mamlakat al Bahrayn local short form: Al Bahrayn former: Dilmun#name: Manama geographic coordinates: 26 14 N 50 34#noun: Bahraini(s) adjective: Bahraini#.bh#3.5 times the size of Washington DC#20
22#BGD#Asia#Bangladesh#conventional long form: Peoples Republic of Bangladesh conventional short form: Bangladesh local long form: Gana Prajatantri Banladesh local short form: Banladesh former: East Bengal East Pakistan#name: Dhaka geographic coordinates: 23 43 N 90 24 #noun: Bangladeshi(s) adjective: Bangladeshi#.bd#slightly smaller than Iowa#18
23#BRB#Central America and the Caribbean#Barbados#conventional long form: none conventional short form: Barbados#name: Bridgetown geographic coordinates: 13 06 N 5#noun: Barbadian(s) or Bajan (colloquial) adjective: Barbadian or Bajan (colloquial)#.bb#2.5 times the size of Washington DC#18
24#BLR#Europe#Belarus#conventional long form: Republic of Belarus conventional short form: Belarus local long form: Respublika Byelarus local short form: Byelarus former: Belorussian (Byelorussian) Soviet Socialist Republic#name: Minsk geographic coordinates: 53 54 N 27 34 #noun: Belarusian(s) adjective: Belarusian#.by#slightly smaller than Kansas#18
25#BEL#Europe#Belgium#conventional long form: Kingdom of Belgium conventional short form: Belgium local long form: Royaume de Belgique/Koninkrijk Belgie local short form: Belgique/Belgie#name: Brussels geographic coordinates: 50 50 N 4 2#noun: Belgian(s) adjective: Belgian#.be#about the size of Maryland#18
26#BLZ#Central America and the Caribbean#Belize#conventional long form: none conventional short form: Belize former: British Honduras#name: Belmopan geographic coordinates: 17 15 N 88 #noun: Belizean(s) adjective: Belizean#.bz#slightly smaller than Massachusetts#18
27#BEN#Africa#Benin#conventional long form: Republic of Benin conventional short form: Benin local long form: Republique du Benin local short form: Benin former: Dahomey#name: Porto-Novo (official capital) geographic coo#noun: Beninese (singular and plural) adjective: Beninese#.bj#slightly smaller than Pennsylvania#18
28#BMU#North America#Bermuda#conventional long form: none conventional short form: Bermuda former: Somers Islands#name: Hamilton geographic coordinates: 32 17 N 64 #noun: Bermudian(s) adjective: Bermudian#.bm#about one-third the size of Washington DC#18
29#BTN#Asia#Bhutan#conventional long form: Kingdom of Bhutan conventional short form: Bhutan local long form: Druk Gyalkhap local short form: Druk Yul#name: Thimphu geographic coordinates: 27 29 N 89 3#noun: Bhutanese (singular and plural) adjective: Bhutanese#.bt#about one-half the size of Indiana#18
30#BOL#South America#Bolivia#conventional long form: Plurinational State of Bolivia conventional short form: Bolivia local long form: Estado Plurinacional de Bolivia local short form: Bolivia#name: La Paz (administrative capital) geographic c#noun: Bolivian(s) adjective: Bolivian#.bo#slightly less than three times the size of Montana#18
31#BIH#Europe#Bosnia and Herzegovina#conventional long form: none conventional short form: Bosnia and Herzegovina local long form: none local short form: Bosna i Hercegovina former: Peoples Republic of Bosnia and Herzegovina Socialist Republic of Bosnia and Herzegovina#name: Sarajevo geographic coordinates: 43 52 N 18 #noun: Bosnian(s) Herzegovinian(s) adjective: Bosnian Herzegovinian#.ba#slightly smaller than West Virginia#18
32#BWA#Africa#Botswana#conventional long form: Republic of Botswana conventional short form: Botswana local long form: Republic of Botswana local short form: Botswana former: Bechuanaland#name: Gaborone geographic coordinates: 24 45 S 25 #noun: Motswana (singular) Batswana (plural) adjective: Motswana (singular) Batswana (plural)#.bw#slightly smaller than Texas#18
33##Antarctic Region#Bouvet Island#conventional long form: none conventional short form: Bouvet Island###.bv#about 0.3 times the size of Washington DC#0
34#BRA#South America#Brazil#conventional long form: Federative Republic of Brazil conventional short form: Brazil local long form: Republica Federativa do Brasil local short form: Brasil#name: Brasilia geographic coordinates: 15 47 S 47 #noun: Brazilian(s) adjective: Brazilian#.br#slightly smaller than the US#0
35###British Indian Ocean Territory#conventional long form: British Indian Ocean Territory conventional short form: none abbreviation: BIOT###.io#land area is about 0.3 times the size of Washington DC#0
36##Central America and the Caribbean#British Virgin Islands#conventional long form: none conventional short form: British Virgin Islands abbreviation: BVI#name: Road Town geographic coordinates: 18 27 N 64#noun: British Virgin Islander(s) adjective: British Virgin Islander#.vg#about 0.9 times the size of Washington DC#18
37#BRN#Southeast Asia#Brunei#conventional long form: Brunei Darussalam conventional short form: Brunei local long form: Negara Brunei Darussalam local short form: Brunei#name: Bandar Seri Begawan geographic coordinates: #noun: Bruneian(s) adjective: Bruneian#.bn#slightly smaller than Delaware#0
38#BGR#Europe#Bulgaria#conventional long form: Republic of Bulgaria conventional short form: Bulgaria local long form: Republika Balgariya local short form: Balgariya#name: Sofia geographic coordinates: 42 41 N 23 19 #noun: Bulgarian(s) adjective: Bulgarian#.bg#slightly larger than Tennessee#18
39#BFA#Africa#Burkina Faso#conventional long form: none conventional short form: Burkina Faso local long form: none local short form: Burkina Faso former: Upper Volta Republic of Upper Volta#name: Ouagadougou geographic coordinates: 12 22 N #noun: Burkinabe (singular and plural) adjective: Burkinabe#.bf#slightly larger than Colorado#0
40#MMR#Southeast Asia#Burma#conventional long form: Union of Burma conventional short form: Burma local long form: Pyidaungzu Myanma Naingngandaw (translated by the US Government as Union of Myanma and by the Burmese as Union of Myanmar) local short form: Myanma Naingngandaw former:#name: Rangoon (Yangon) geographic coordinates: 16 #noun: Burmese (singular and plural) adjective: Burmese#.mm#slightly smaller than Texas#18
41#BDI#Africa#Burundi#conventional long form: Republic of Burundi conventional short form: Burundi local long form: Republique du Burundi/Republika yu Burundi local short form: Burundi former: Urundi#name: Bujumbura geographic coordinates: 3 22 S 29 #noun: Burundian(s) adjective: Burundian#.bi#slightly smaller than Maryland#0
42#KHM#Southeast Asia#Cambodia#conventional long form: Kingdom of Cambodia conventional short form: Cambodia local long form: Preahreacheanachakr Kampuchea (phonetic pronunciation) local short form: Kampuchea former: Khmer Republic Democratic Kampuchea Peoples Republic of Kampuchea St#name: Phnom Penh geographic coordinates: 11 33 N 1#noun: Cambodian(s) adjective: Cambodian#.kh#slightly smaller than Oklahoma#18
43#CMR#Africa#Cameroon#conventional long form: Republic of Cameroon conventional short form: Cameroon local long form: Republique du Cameroun/Republic of Cameroon local short form: Cameroun/Cameroon former: French Cameroon British Cameroon Federal Republic of Cameroon United Re#name: Yaounde geographic coordinates: 3 52 N 11 31#noun: Cameroonian(s) adjective: Cameroonian#.cm#slightly larger than California#20
44#CAN#North America#Canada#conventional long form: none conventional short form: Canada#name: Ottawa geographic coordinates: 45 25 N 75 42#noun: Canadian(s) adjective: Canadian#.ca#somewhat larger than the US#18
45#CPV#Africa#Cape Verde#conventional long form: Republic of Cape Verde conventional short form: Cape Verde local long form: Republica de Cabo Verde local short form: Cabo Verde#name: Praia geographic coordinates: 14 55 N 23 31 #noun: Cape Verdean(s) adjective: Cape Verdean#.cv#slightly larger than Rhode Island#18
46#CYM#Central America and the Caribbean#Cayman Islands#conventional long form: none conventional short form: Cayman Islands#name: George Town (on Grand Cayman) geographic coo#noun: Caymanian(s) adjective: Caymanian#.ky#1.5 times the size of Washington DC#18
47#CAF#Africa#Central African Republic#conventional long form: Central African Republic conventional short form: none local long form: Republique Centrafricaine local short form: none former: Ubangi-Shari Central African Empire abbreviation: CAR#name: Bangui geographic coordinates: 4 22 N 18 35 #noun: Central African(s) adjective: Central African#.cf#slightly smaller than Texas#21
48#TCD#Africa#Chad#conventional long form: Republic of Chad conventional short form: Chad local long form: Republique du Tchad/Jumhuriyat Tshad local short form: Tchad/Tshad#name: NDjamena geographic coordinates: 12 06 N 15#noun: Chadian(s) adjective: Chadian#.td#slightly more than three times the size of California#18
49#CHL#South America#Chile#conventional long form: Republic of Chile conventional short form: Chile local long form: Republica de Chile local short form: Chile#name: Santiago geographic coordinates: 33 27 S 70 #noun: Chilean(s) adjective: Chilean#.cl#slightly smaller than twice the size of Montana#18
50#CHN#Asia#China#conventional long form: Peoples Republic of China conventional short form: China local long form: Zhonghua Renmin Gongheguo local short form: Zhongguo abbreviation: PRC#name: Beijing geographic coordinates: 39 55 N 116#noun: Chinese (singular and plural) adjective: Chinese#.cn#slightly smaller than the US#18
51##Southeast Asia#Christmas Island#conventional long form: Territory of Christmas Island conventional short form: Christmas Island#name: The Settlement geographic coordinates: 10 25#noun: Christmas Islander(s) adjective: Christmas Island#.cx#about three-quarters the size of Washington DC#18
52###Clipperton Island#conventional long form: none conventional short form: Clipperton Island local long form: none local short form: Ile Clipperton former: sometimes called Ile de la Passion####about 12 times the size of The Mall in Washington DC#0
53##Southeast Asia#Cocos (Keeling) Islands#conventional long form: Territory of Cocos (Keeling) Islands conventional short form: Cocos (Keeling) Islands#name: West Island geographic coordinates: 12 10 S #noun: Cocos Islander(s) adjective: Cocos Islander#.cc#about 24 times the size of The Mall in Washington DC#18
54#COL#South America#Colombia#conventional long form: Republic of Colombia conventional short form: Colombia local long form: Republica de Colombia local short form: Colombia#name: Bogota geographic coordinates: 4 36 N 74 05 #noun: Colombian(s) adjective: Colombian#.co#slightly less than twice the size of Texas#18
55#COM#Africa#Comoros#conventional long form: Union of the Comoros conventional short form: Comoros local long form: Udzima wa Komori (Comorian); Union des Comores (French); Jumhuriyat al Qamar al Muttahidah (Arabic) local short form: Komori (Comorian); Comores (French); Juzur#name: Moroni geographic coordinates: 11 42 S 43 14#noun: Comoran(s) adjective: Comoran#.km#slightly more than 12 times the size of Washington DC#18
56#COD#Africa#Congo Democratic Republic of the#conventional long form: Democratic Republic of the Congo conventional short form: DRC local long form: Republique Democratique du Congo local short form: RDC former: Congo Free State Belgian Congo Congo/Leopoldville Congo/Kinshasa Zaire abbreviation: DRC#name: Kinshasa geographic coordinates: 4 19 S 15 1#noun: Congolese (singular and plural) adjective: Congolese or Congo#.cd#slightly less than one-fourth the size of the US#18
57#COG#Africa#Congo Republic of the#conventional long form: Republic of the Congo conventional short form: Congo (Brazzaville) local long form: Republique du Congo local short form: none former: Middle Congo Congo/Brazzaville Congo#name: Brazzaville geographic coordinates: 4 15 S 1#noun: Congolese (singular and plural) adjective: Congolese or Congo#.cg#slightly smaller than Montana#18
58##Oceania#Cook Islands#conventional long form: none conventional short form: Cook Islands former: Harvey Islands#name: Avarua geographic coordinates: 21 12 S 159 4#noun: Cook Islander(s) adjective: Cook Islander#.ck#1.3 times the size of Washington DC#18
59##Oceania#Coral Sea Islands#conventional long form: Coral Sea Islands Territory conventional short form: Coral Sea Islands####NA#0
60#CRI#Central America and the Caribbean#Costa Rica#conventional long form: Republic of Costa Rica conventional short form: Costa Rica local long form: Republica de Costa Rica local short form: Costa Rica#name: San Jose geographic coordinates: 9 56 N 84 0#noun: Costa Rican(s) adjective: Costa Rican#.cr#slightly smaller than West Virginia#18
61#CIV#Africa#Cote dIvoire#conventional long form: Republic of Cote dIvoire conventional short form: Cote dIvoire local long form: Republique de Cote dIvoire local short form: Cote dIvoire note: pronounced coat-div-whar former: Ivory Coast#name: Yamoussoukro geographic coordinates: 6 49 N #noun: Ivoirian(s) adjective: Ivoirian#.ci#slightly larger than New Mexico#18
62#HRV#Europe#Croatia#conventional long form: Republic of Croatia conventional short form: Croatia local long form: Republika Hrvatska local short form: Hrvatska former: Peoples Republic of Croatia Socialist Republic of Croatia#name: Zagreb geographic coordinates: 45 48 N 16 00#noun: Croat(s) Croatian(s) adjective: Croatian#.hr#slightly smaller than West Virginia#18
63#CUB#Central America and the Caribbean#Cuba#conventional long form: Republic of Cuba conventional short form: Cuba local long form: Republica de Cuba local short form: Cuba#name: Havana geographic coordinates: 23 07 N 82 21#noun: Cuban(s) adjective: Cuban#.cu#slightly smaller than Pennsylvania#16
64#CYP#Middle East#Cyprus#conventional long form: Republic of Cyprus conventional short form: Cyprus local long form: Kypriaki Dimokratia/Kibris Cumhuriyeti local short form: Kypros/Kibris note: the Turkish Cypriot community which administers the northern part of the island refer#name: Nicosia (Lefkosia) geographic coordinates: 3#noun: Cypriot(s) adjective: Cypriot#.cy#about 0.6 times the size of Connecticut#18
65#CZE#Europe#Czech Republic#conventional long form: Czech Republic conventional short form: Czech Republic local long form: Ceska Republika local short form: Cesko#name: Prague geographic coordinates: 50 05 N 14 28#noun: Czech(s) adjective: Czech#.cz#slightly smaller than South Carolina#18
66#DNK#Europe#Denmark#conventional long form: Kingdom of Denmark conventional short form: Denmark local long form: Kongeriget Danmark local short form: Danmark#name: Copenhagen geographic coordinates: 55 40 N 1#noun: Dane(s) adjective: Danish#.dk#slightly less than twice the size of Massachusetts#18
67##Middle East#Dhekelia#conventional long form: Dhekelia Sovereign Base Area conventional short form: Dhekelia#name: Episkopi Cantonment (base administrative cen###about three-quarters the size of Washington DC#0
68#DJI#Africa#Djibouti#conventional long form: Republic of Djibouti conventional short form: Djibouti local long form: Republique de Djibouti/Jumhuriyat Jibuti local short form: Djibouti/Jibuti former: French Territory of the Afars and Issas French Somaliland#name: Djibouti geographic coordinates: 11 35 N 43 #noun: Djiboutian(s) adjective: Djiboutian#.dj#slightly smaller than Massachusetts#18
69#DMA#Central America and the Caribbean#Dominica#conventional long form: Commonwealth of Dominica conventional short form: Dominica#name: Roseau geographic coordinates: 15 18 N 61 24#noun: Dominican(s) adjective: Dominican#.dm#slightly more than four times the size of Washington DC#18
70#DOM#Central America and the Caribbean#Dominican Republic#conventional long form: Dominican Republic conventional short form: The Dominican local long form: Republica Dominicana local short form: La Dominicana#name: Santo Domingo geographic coordinates: 18 28 #noun: Dominican(s) adjective: Dominican#.do#slightly more than twice the size of New Hampshire#18
71#ECU#South America#Ecuador#conventional long form: Republic of Ecuador conventional short form: Ecuador local long form: Republica del Ecuador local short form: Ecuador#name: Quito geographic coordinates: 0 13 S 78 30 W#noun: Ecuadorian(s) adjective: Ecuadorian#.ec#slightly smaller than Nevada#18
72#EGY#Africa#Egypt#conventional long form: Arab Republic of Egypt conventional short form: Egypt local long form: Jumhuriyat Misr al-Arabiyah local short form: Misr former: United Arab Republic (with Syria)#name: Cairo geographic coordinates: 30 03 N 31 15 #noun: Egyptian(s) adjective: Egyptian#.eg#slightly more than three times the size of New Mexico#18
73#SLV#Central America and the Caribbean#El Salvador#conventional long form: Republic of El Salvador conventional short form: El Salvador local long form: Republica de El Salvador local short form: El Salvador#name: San Salvador geographic coordinates: 13 42 N#noun: Salvadoran(s) adjective: Salvadoran#.sv#slightly smaller than Massachusetts#18
74#GNQ#Africa#Equatorial Guinea#conventional long form: Republic of Equatorial Guinea conventional short form: Equatorial Guinea local long form: Republica de Guinea Ecuatorial/Republique de Guinee equatoriale local short form: Guinea Ecuatorial/Guinee equatoriale former: Spanish Guinea#name: Malabo geographic coordinates: 3 45 N 8 47 E#noun: Equatorial Guinean(s) or Equatoguinean(s) adjective: Equatorial Guinean or Equatoguinean#.gq#slightly smaller than Maryland#18
75#ERI#Africa#Eritrea#conventional long form: State of Eritrea conventional short form: Eritrea local long form: Hagere Ertra local short form: Ertra former: Eritrea Autonomous Region in Ethiopia#name: Asmara (Asmera) geographic coordinates: 15 2#noun: Eritrean(s) adjective: Eritrean#.er#slightly larger than Pennsylvania#18
77#EST#Europe#Estonia#conventional long form: Republic of Estonia conventional short form: Estonia local long form: Eesti Vabariik local short form: Eesti former: Estonian Soviet Socialist Republic#name: Tallinn geographic coordinates: 59 26 N 24 4#noun: Estonian(s) adjective: Estonian#.ee#slightly smaller than New Hampshire and Vermont combined#18
78#ETH#Africa#Ethiopia#conventional long form: Federal Democratic Republic of Ethiopia conventional short form: Ethiopia local long form: Ityopiya Federalawi Demokrasiyawi Ripeblik local short form: Ityopiya former: Abyssinia Italian East Africa abbreviation: FDRE#name: Addis Ababa geographic coordinates: 9 02 N 3#noun: Ethiopian(s) adjective: Ethiopian#.et#slightly less than twice the size of Texas#18
80##South America#Falkland Islands (Islas Malvinas)#conventional long form: none conventional short form: Falkland Islands (Islas Malvinas)#name: Stanley geographic coordinates: 51 42 S 57 5#noun: Falkland Islander(s) adjective: Falkland Island#.fk#slightly smaller than Connecticut#18
81#FRO#Europe#Faroe Islands#conventional long form: none conventional short form: Faroe Islands local long form: none local short form: Foroyar#name: Torshavn geographic coordinates: 62 01 N 6 4#noun: Faroese (singular and plural) adjective: Faroese#.fo#eight times the size of Washington DC#18
82#FJI#Oceania#Fiji#conventional long form: Republic of the Fiji Islands conventional short form: Fiji local long form: Republic of the Fiji Islands/Matanitu ko Viti local short form: Fiji/Viti#name: Suva (on Viti Levu) geographic coordinates: #noun: Fijian(s) adjective: Fijian#.fj#slightly smaller than New Jersey#21
83#FIN#Europe#Finland#conventional long form: Republic of Finland conventional short form: Finland local long form: Suomen tasavalta/Republiken Finland local short form: Suomi/Finland#name: Helsinki geographic coordinates: 60 10 N 24 #noun: Finn(s) adjective: Finnish#.fi; note - Aland Islands assigned .ax#slightly smaller than Montana#18
84#FRA#Europe#France#conventional long form: French Republic conventional short form: France local long form: Republique francaise local short form: France#name: Paris geographic coordinates: 48 52 N 2 20 E#noun: Frenchman(men) Frenchwoman(women) adjective: French#metropolitan France - .fr; French Guiana - .gf; Guadeloupe - .gp; Martinique - .mq; Reunion - .re#slightly less than the size of Texas#18
85#PYF#Oceania#French Polynesia#conventional long form: Overseas Lands of French Polynesia conventional short form: French Polynesia local long form: Pays doutre-mer de la Polynesie Francaise local short form: Polynesie Francaise former: French Colony of Oceania#name: Papeete geographic coordinates: 17 32 S 149 #noun: French Polynesian(s) adjective: French Polynesian#.pf#slightly less than one-third the size of Connecticut#18
86###French Southern and Antarctic Lands#conventional long form: Territory of the French Southern and Antarctic Lands conventional short form: French Southern and Antarctic Lands local long form: Territoire des Terres Australes et Antarctiques Francaises local short form: Terres Australes et Ant###.tf#Ile Amsterdam (Ile Amsterdam et Ile Saint-Paul): less than one-half the size of Washington DC Ile Saint-Paul (Ile Amsterdam et Ile Saint-Paul): more than 10 times the size of The Mall in Washington DC Iles Crozet: about twice the size of Washington DC Ile#0
87#GAB#Africa#Gabon#conventional long form: Gabonese Republic conventional short form: Gabon local long form: Republique Gabonaise local short form: Gabon#name: Libreville geographic coordinates: 0 23 N 9 #noun: Gabonese (singular and plural) adjective: Gabonese#.ga#slightly smaller than Colorado#21
88#GMB#Africa#Gambia The#conventional long form: Republic of The Gambia conventional short form: The Gambia#name: Banjul geographic coordinates: 13 27 N 16 34#noun: Gambian(s) adjective: Gambian#.gm#slightly less than twice the size of Delaware#18
89##Middle East#Gaza Strip#conventional long form: none conventional short form: Gaza Strip local long form: none local short form: Qita Ghazzah##noun: NA adjective: NA#.ps; note - same as West Bank#slightly more than twice the size of Washington DC#0
90#GEO#Asia#Georgia#conventional long form: none conventional short form: Georgia local long form: none local short form: Sakartvelo former: Georgian Soviet Socialist Republic#name: Tbilisi geographic coordinates: 41 43 N 44 #noun: Georgian(s) adjective: Georgian#.ge#slightly smaller than South Carolina#18
91#DEU#Europe#Germany#conventional long form: Federal Republic of Germany conventional short form: Germany local long form: Bundesrepublik Deutschland local short form: Deutschland former: German Empire German Republic German Reich#name: Berlin geographic coordinates: 52 31 N 13 24#noun: German(s) adjective: German#.de#slightly smaller than Montana#18
92#GHA#Africa#Ghana#conventional long form: Republic of Ghana conventional short form: Ghana former: Gold Coast#name: Accra geographic coordinates: 5 33 N 0 13 W #noun: Ghanaian(s) adjective: Ghanaian#.gh#slightly smaller than Oregon#18
93##Europe#Gibraltar#conventional long form: none conventional short form: Gibraltar#name: Gibraltar geographic coordinates: 36 08 N 5 #noun: Gibraltarian(s) adjective: Gibraltar#.gi#slightly less than one-half the size of Rhode Island#18
94#GRC#Europe#Greece#conventional long form: Hellenic Republic conventional short form: Greece local long form: Elliniki Dhimokratia local short form: Ellas or Ellada former: Kingdom of Greece#name: Athens geographic coordinates: 37 59 N 23 44#noun: Greek(s) adjective: Greek#.gr#slightly smaller than Alabama#18
95#GRL#Arctic Region#Greenland#conventional long form: none conventional short form: Greenland local long form: none local short form: Kalaallit Nunaat#name: Nuuk (Godthab) geographic coordinates: 64 11#noun: Greenlander(s) adjective: Greenlandic#.gl#slightly more than three times the size of Texas#18
96#GRD#Central America and the Caribbean#Grenada#conventional long form: none conventional short form: Grenada#name: Saint Georges geographic coordinates: 12 03#noun: Grenadian(s) adjective: Grenadian#.gd#twice the size of Washington DC#18
97##Oceania#Guam#conventional long form: Territory of Guam conventional short form: Guam local long form: Guahan local short form: Guahan#name: Hagatna (Agana) geographic coordinates: 13 2#noun: Guamanian(s) (US citizens) adjective: Guamanian#.gu#three times the size of Washington DC#0
98#GTM#Central America and the Caribbean#Guatemala#conventional long form: Republic of Guatemala conventional short form: Guatemala local long form: Republica de Guatemala local short form: Guatemala#name: Guatemala geographic coordinates: 14 37 N 90#noun: Guatemalan(s) adjective: Guatemalan#.gt#slightly smaller than Tennessee#18
99##Europe#Guernsey#conventional long form: Bailiwick of Guernsey conventional short form: Guernsey#name: Saint Peter Port geographic coordinates: 49 #noun: Channel Islander(s) adjective: Channel Islander#.gg#about one-half the size of Washington DC#16
100#GIN#Africa#Guinea#conventional long form: Republic of Guinea conventional short form: Guinea local long form: Republique de Guinee local short form: Guinee former: French Guinea#name: Conakry geographic coordinates: 9 33 N 13 42#noun: Guinean(s) adjective: Guinean#.gn#slightly smaller than Oregon#18
101#GNB#Africa#Guinea-Bissau#conventional long form: Republic of Guinea-Bissau conventional short form: Guinea-Bissau local long form: Republica da Guine-Bissau local short form: Guine-Bissau former: Portuguese Guinea#name: Bissau geographic coordinates: 11 51 N 15 35#noun: Guinean(s) adjective: Guinean#.gw#slightly less than three times the size of Connecticut#18
102#GUY#South America#Guyana#conventional long form: Cooperative Republic of Guyana conventional short form: Guyana former: British Guiana#name: Georgetown geographic coordinates: 6 48 N 58#noun: Guyanese (singular and plural) adjective: Guyanese#.gy#slightly smaller than Idaho#18
103#HTI#Central America and the Caribbean#Haiti#conventional long form: Republic of Haiti conventional short form: Haiti local long form: Republique dHaiti/Repiblik d Ayiti local short form: Haiti/Ayiti#name: Port-au-Prince geographic coordinates: 18 32#noun: Haitian(s) adjective: Haitian#.ht#slightly smaller than Maryland#18
104##Antarctic Region#Heard Island and McDonald Islands#conventional long form: Territory of Heard Island and McDonald Islands conventional short form: Heard Island and McDonald Islands abbreviation: HIMI###.hm#slightly more than two times the size of Washington DC#0
105##Europe#Holy See (Vatican City)#conventional long form: The Holy See (State of the Vatican City) conventional short form: Holy See (Vatican City) local long form: Santa Sede (Stato della Citta del Vaticano) local short form: Santa Sede (Citta del Vaticano)#name: Vatican City geographic coordinates: 41 54 N#noun: none adjective: none#.va#about 0.7 times the size of The Mall in Washington DC#0
106#HND#Central America and the Caribbean#Honduras#conventional long form: Republic of Honduras conventional short form: Honduras local long form: Republica de Honduras local short form: Honduras#name: Tegucigalpa geographic coordinates: 14 06 N #noun: Honduran(s) adjective: Honduran#.hn#slightly larger than Tennessee#18
107#HKG#Southeast Asia#Hong Kong#conventional long form: Hong Kong Special Administrative Region conventional short form: Hong Kong local long form: Xianggang Tebie Xingzhengqu local short form: Xianggang abbreviation: HK##noun: Chinese/Hong Konger adjective: Chinese/Hong Kong#.hk#six times the size of Washington DC#18
108#HUN#Europe#Hungary#conventional long form: Republic of Hungary conventional short form: Hungary local long form: Magyar Koztarsasag local short form: Magyarorszag#name: Budapest geographic coordinates: 47 30 N 19 #noun: Hungarian(s) adjective: Hungarian#.hu#slightly smaller than Indiana#18
109#ISL#Arctic Region#Iceland#conventional long form: Republic of Iceland conventional short form: Iceland local long form: Lydveldid Island local short form: Island#name: Reykjavik geographic coordinates: 64 09 N 21#noun: Icelander(s) adjective: Icelandic#.is#slightly smaller than Kentucky#18
110#IND#Asia#India#conventional long form: Republic of India conventional short form: India local long form: Republic of India/Bharatiya Ganarajya local short form: India/Bharat#name: New Delhi geographic coordinates: 28 36 N 77#noun: Indian(s) adjective: Indian#.in#slightly more than one-third the size of the US#18
112#IDN#Southeast Asia#Indonesia#conventional long form: Republic of Indonesia conventional short form: Indonesia local long form: Republik Indonesia local short form: Indonesia former: Netherlands East Indies Dutch East Indies#name: Jakarta geographic coordinates: 6 10 S 106 4#noun: Indonesian(s) adjective: Indonesian#.id#slightly less than three times the size of Texas#17
113#IRN#Middle East#Iran#conventional long form: Islamic Republic of Iran conventional short form: Iran local long form: Jomhuri-ye Eslami-ye Iran local short form: Iran former: Persia#name: Tehran geographic coordinates: 35 40 N 51 25#noun: Iranian(s) adjective: Iranian#.ir#slightly smaller than Alaska#18
114#IRQ#Middle East#Iraq#conventional long form: Republic of Iraq conventional short form: Iraq local long form: Jumhuriyat al-Iraq local short form: Al Iraq#name: Baghdad geographic coordinates: 33 20 N 44 2#noun: Iraqi(s) adjective: Iraqi#.iq#slightly more than twice the size of Idaho#18
115#IRL#Europe#Ireland#conventional long form: none conventional short form: Ireland local long form: none local short form: Eire#name: Dublin geographic coordinates: 53 19 N 6 14 #noun: Irishman(men) Irishwoman(women) Irish (collective plural) adjective: Irish#.ie#slightly larger than West Virginia#18
116##Europe#Isle of Man#conventional long form: none conventional short form: Isle of Man abbreviation: I.O.M.#name: Douglas geographic coordinates: 54 09 N 4 29#noun: Manxman (men) Manxwoman (women) adjective: Manx#.im#slightly more than three times the size of Washington DC#16
117#ISR#Middle East#Israel#conventional long form: State of Israel conventional short form: Israel local long form: Medinat Yisrael local short form: Yisrael#name: Jerusalem geographic coordinates: 31 46 N 35#noun: Israeli(s) adjective: Israeli#.il#slightly smaller than New Jersey#18
118#ITA#Europe#Italy#conventional long form: Italian Republic conventional short form: Italy local long form: Repubblica Italiana local short form: Italia former: Kingdom of Italy#name: Rome geographic coordinates: 41 54 N 12 29 E#noun: Italian(s) adjective: Italian#.it#slightly larger than Arizona#18
119#JAM#Central America and the Caribbean#Jamaica#conventional long form: none conventional short form: Jamaica#name: Kingston geographic coordinates: 18 00 N 76 #noun: Jamaican(s) adjective: Jamaican#.jm#slightly smaller than Connecticut#18
120##Arctic Region#Jan Mayen#conventional long form: none conventional short form: Jan Mayen####slightly more than twice the size of Washington DC#0
121#JPN#Asia#Japan#conventional long form: none conventional short form: Japan local long form: Nihon-koku/Nippon-koku local short form: Nihon/Nippon#name: Tokyo geographic coordinates: 35 41 N 139 45#noun: Japanese (singular and plural) adjective: Japanese#.jp#slightly smaller than California#20
122##Europe#Jersey#conventional long form: Bailiwick of Jersey conventional short form: Jersey#name: Saint Helier geographic coordinates: 49 11 N#noun: Channel Islander(s) adjective: Channel Islander#.je#about two-thirds the size of Washington DC#16
123#JOR#Middle East#Jordan#conventional long form: Hashemite Kingdom of Jordan conventional short form: Jordan local long form: Al Mamlakah al Urduniyah al Hashimiyah local short form: Al Urdun former: Transjordan#name: Amman geographic coordinates: 31 57 N 35 56 #noun: Jordanian(s) adjective: Jordanian#.jo#slightly smaller than Indiana#18
124#KAZ#Asia#Kazakhstan#conventional long form: Republic of Kazakhstan conventional short form: Kazakhstan local long form: Qazaqstan Respublikasy local short form: Qazaqstan former: Kazakh Soviet Socialist Republic#name: Astana geographic coordinates: 51 10 N 71 25#noun: Kazakhstani(s) adjective: Kazakhstani#.kz#slightly less than four times the size of Texas#18
125#KEN#Africa#Kenya#conventional long form: Republic of Kenya conventional short form: Kenya local long form: Republic of Kenya/Jamhuri ya Kenya local short form: Kenya former: British East Africa#name: Nairobi geographic coordinates: 1 17 S 36 49#noun: Kenyan(s) adjective: Kenyan#.ke#slightly more than twice the size of Nevada#18
126#KIR#Oceania#Kiribati#conventional long form: Republic of Kiribati conventional short form: Kiribati local long form: Republic of Kiribati local short form: Kiribati note: pronounced keer-ree-bahss former: Gilbert Islands#name: Tarawa geographic coordinates: 1 19 N 172 58#noun: I-Kiribati (singular and plural) adjective: I-Kiribati#.ki#four times the size of Washington DC#18
127#PRK#Asia#Korea North#conventional long form: Democratic Peoples Republic of Korea conventional short form: North Korea local long form: Choson-minjujuui-inmin-konghwaguk local short form: Choson abbreviation: DPRK#name: Pyongyang geographic coordinates: 39 01 N 12#noun: Korean(s) adjective: Korean#.kp#slightly smaller than Mississippi#17
128#KOR#Asia#Korea South#conventional long form: Republic of Korea conventional short form: South Korea local long form: Taehan-minguk local short form: Hanguk abbreviation: ROK#name: Seoul geographic coordinates: 37 33 N 126 59#noun: Korean(s) adjective: Korean#.kr#slightly larger than Indiana#19
129##Europe#Kosovo#conventional long form: Republic of Kosovo conventional short form: Kosovo local long form: Republika e Kosoves (Republika Kosovo) local short form: Kosova (Kosovo)#name: Pristina (Prishtine Prishtina) geographic co#noun: Kosovar (Albanian) Kosovac (Serbian) adjective: Kosovar (Albanian) Kosovski (Serbian) note: Kosovan a neutral term is sometimes also used as a noun or adjective##slightly larger than Delaware#18
130#KWT#Middle East#Kuwait#conventional long form: State of Kuwait conventional short form: Kuwait local long form: Dawlat al Kuwayt local short form: Al Kuwayt#name: Kuwait geographic coordinates: 29 22 N 47 58#noun: Kuwaiti(s) adjective: Kuwaiti#.kw#slightly smaller than New Jersey#0
131#KGZ#Asia#Kyrgyzstan#conventional long form: Kyrgyz Republic conventional short form: Kyrgyzstan local long form: Kyrgyz Respublikasy local short form: Kyrgyzstan former: Kirghiz Soviet Socialist Republic#name: Bishkek geographic coordinates: 42 52 N 74 3#noun: Kyrgyzstani(s) adjective: Kyrgyzstani#.kg#slightly smaller than South Dakota#18
132#LAO#Southeast Asia#Laos#conventional long form: Lao Peoples Democratic Republic conventional short form: Laos local long form: Sathalanalat Paxathipatai Paxaxon Lao local short form: Pathet Lao (unofficial)#name: Vientiane (Viangchan) geographic coordinates#noun: Lao(s) or Laotian(s) adjective: Lao or Laotian#.la#slightly larger than Utah#18
133#LVA#Europe#Latvia#conventional long form: Republic of Latvia conventional short form: Latvia local long form: Latvijas Republika local short form: Latvija former: Latvian Soviet Socialist Republic#name: Riga geographic coordinates: 56 57 N 24 06 E#noun: Latvian(s) adjective: Latvian#.lv#slightly larger than West Virginia#18
134#LBN#Middle East#Lebanon#conventional long form: Lebanese Republic conventional short form: Lebanon local long form: Al Jumhuriyah al Lubnaniyah local short form: Lubnan former: Greater Lebanon#name: Beirut geographic coordinates: 33 52 N 35 30#noun: Lebanese (singular and plural) adjective: Lebanese#.lb#about 0.7 times the size of Connecticut#21
135##Africa#Lesotho#conventional long form: Kingdom of Lesotho conventional short form: Lesotho local long form: Kingdom of Lesotho local short form: Lesotho former: Basutoland#name: Maseru geographic coordinates: 29 19 S 27 29#noun: Mosotho (singular) Basotho (plural) adjective: Basotho#.ls#slightly smaller than Maryland#18
136#LBR#Africa#Liberia#conventional long form: Republic of Liberia conventional short form: Liberia#name: Monrovia geographic coordinates: 6 18 N 10 4#noun: Liberian(s) adjective: Liberian#.lr#slightly larger than Tennessee#18
137#LBY#Africa#Libya#conventional long form: Great Socialist Peoples Libyan Arab Jamahiriya conventional short form: Libya local long form: Al Jamahiriyah al Arabiyah al Libiyah ash Shabiyah al Ishtirakiyah al Uthma local short form: none#name: Tripoli (Tarabulus) geographic coordinates: #noun: Libyan(s) adjective: Libyan#.ly#slightly larger than Alaska#18
138##Europe#Liechtenstein#conventional long form: Principality of Liechtenstein conventional short form: Liechtenstein local long form: Fuerstentum Liechtenstein local short form: Liechtenstein#name: Vaduz geographic coordinates: 47 08 N 9 31 E#noun: Liechtensteiner(s) adjective: Liechtenstein#.li#about 0.9 times the size of Washington DC#18
139#LTU#Europe#Lithuania#conventional long form: Republic of Lithuania conventional short form: Lithuania local long form: Lietuvos Respublika local short form: Lietuva former: Lithuanian Soviet Socialist Republic#name: Vilnius geographic coordinates: 54 41 N 25 1#noun: Lithuanian(s) adjective: Lithuanian#.lt#slightly larger than West Virginia#18
140#LUX#Europe#Luxembourg#conventional long form: Grand Duchy of Luxembourg conventional short form: Luxembourg local long form: Grand Duche de Luxembourg local short form: Luxembourg#name: Luxembourg geographic coordinates: 49 36 N 6#noun: Luxembourger(s) adjective: Luxembourg#.lu#slightly smaller than Rhode Island#18
141#MAC#Southeast Asia#Macau#conventional long form: Macau Special Administrative Region conventional short form: Macau local long form: Aomen Tebie Xingzhengqu (Chinese); Regiao Administrativa Especial de Macau (Portuguese) local short form: Aomen (Chinese); Macau (Portuguese)##noun: Chinese adjective: Chinese#.mo#less than one-sixth the size of Washington DC#18
142#MKD#Europe#Macedonia#conventional long form: Republic of Macedonia conventional short form: Macedonia local long form: Republika Makedonija local short form: Makedonija note: the provisional designation used by the UN EU and NATO is the former Yugoslav Republic of Macedoni#name: Skopje geographic coordinates: 42 00 N 21 26#noun: Macedonian(s) adjective: Macedonian#.mk#slightly larger than Vermont#18
143#MDG#Africa#Madagascar#conventional long form: Republic of Madagascar conventional short form: Madagascar local long form: Republique de Madagascar/Repoblikani Madagasikara local short form: Madagascar/Madagasikara former: Malagasy Republic#name: Antananarivo geographic coordinates: 18 55 S#noun: Malagasy (singular and plural) adjective: Malagasy#.mg#slightly less than twice the size of Arizona#18
144#MWI#Africa#Malawi#conventional long form: Republic of Malawi conventional short form: Malawi local long form: Dziko la Malawi local short form: Malawi former: British Central African Protectorate Nyasaland Protectorate Nyasaland#name: Lilongwe geographic coordinates: 13 59 S 33 #noun: Malawian(s) adjective: Malawian#.mw#slightly smaller than Pennsylvania#18
145#MYS#Southeast Asia#Malaysia#conventional long form: none conventional short form: Malaysia local long form: none local short form: Malaysia former: Federation of Malaya#name: Kuala Lumpur geographic coordinates: 3 10 N #noun: Malaysian(s) adjective: Malaysian#.my#slightly larger than New Mexico#21
146#MDV#Asia#Maldives#conventional long form: Republic of Maldives conventional short form: Maldives local long form: Dhivehi Raajjeyge Jumhooriyyaa local short form: Dhivehi Raajje#name: Male geographic coordinates: 4 10 N 73 30 E #noun: Maldivian(s) adjective: Maldivian#.mv#about 1.7 times the size of Washington DC#21
147#MLI#Africa#Mali#conventional long form: Republic of Mali conventional short form: Mali local long form: Republique de Mali local short form: Mali former: French Sudan and Sudanese Republic#name: Bamako geographic coordinates: 12 39 N 8 00 #noun: Malian(s) adjective: Malian#.ml#slightly less than twice the size of Texas#18
148#MLT#Europe#Malta#conventional long form: Republic of Malta conventional short form: Malta local long form: Repubblika ta Malta local short form: Malta#name: Valletta geographic coordinates: 35 53 N 14 #noun: Maltese (singular and plural) adjective: Maltese#.mt#slightly less than twice the size of Washington DC#18
149#MHL#Oceania#Marshall Islands#conventional long form: Republic of the Marshall Islands conventional short form: Marshall Islands local long form: Republic of the Marshall Islands local short form: Marshall Islands abbreviation: RMI former: Trust Territory of the Pacific Islands Marsha#name: Majuro geographic coordinates: 7 06 N 171 23#noun: Marshallese (singular and plural) adjective: Marshallese#.mh#about the size of Washington DC#18
150#MRT#Africa#Mauritania#conventional long form: Islamic Republic of Mauritania conventional short form: Mauritania local long form: Al Jumhuriyah al Islamiyah al Muritaniyah local short form: Muritaniyah#name: Nouakchott geographic coordinates: 18 07 N 1#noun: Mauritanian(s) adjective: Mauritanian#.mr#slightly larger than three times the size of New Mexico#18
151#MUS#Africa#Mauritius#conventional long form: Republic of Mauritius conventional short form: Mauritius local long form: Republic of Mauritius local short form: Mauritius#name: Port Louis geographic coordinates: 20 09 S 5#noun: Mauritian(s) adjective: Mauritian#.mu#almost 11 times the size of Washington DC#18
152##Africa#Mayotte#conventional long form: Territorial Collectivity of Mayotte conventional short form: Mayotte#name: Mamoudzou geographic coordinates: 12 46 S 45#noun: Mahorais (singular and plural) adjective: Mahoran#.yt#slightly more than twice the size of Washington DC#18
153#MEX#North America#Mexico#conventional long form: United Mexican States conventional short form: Mexico local long form: Estados Unidos Mexicanos local short form: Mexico#name: Mexico (Distrito Federal) geographic coordin#noun: Mexican(s) adjective: Mexican#.mx#slightly less than three times the size of Texas#18
154#FSM#Oceania#Micronesia Federated States of#conventional long form: Federated States of Micronesia conventional short form: none local long form: Federated States of Micronesia local short form: none former: Trust Territory of the Pacific Islands Ponape Truk and Yap Districts abbreviation: FSM#name: Palikir geographic coordinates: 6 55 N 158 0#noun: Micronesian(s) adjective: Micronesian; Chuukese Kosraen(s) Pohnpeian(s) Yapese#.fm#four times the size of Washington DC (land area only)#18
155#MDA#Europe#Moldova#conventional long form: Republic of Moldova conventional short form: Moldova local long form: Republica Moldova local short form: Moldova former: Moldavian Soviet Socialist Republic Moldovan Soviet Socialist Republic#name: Chisinau (Kishinev) note: pronounced kee-she#noun: Moldovan(s) adjective: Moldovan#.md#slightly larger than Maryland#18
156##Europe#Monaco#conventional long form: Principality of Monaco conventional short form: Monaco local long form: Principaute de Monaco local short form: Monaco#name: Monaco geographic coordinates: 43 44 N 7 25 #noun: Monegasque(s) or Monacan(s) adjective: Monegasque or Monacan#.mc#about three times the size of The Mall in Washington DC#18
157#MNG#Asia#Mongolia#conventional long form: none conventional short form: Mongolia local long form: none local short form: Mongol Uls former: Outer Mongolia#name: Ulaanbaatar geographic coordinates: 47 55 N #noun: Mongolian(s) adjective: Mongolian#.mn#slightly smaller than Alaska#18
158#MNE#Europe#Montenegro#conventional long form: none conventional short form: Montenegro local long form: none local short form: Crna Gora former: Peoples Republic of Montenegro Socialist Republic of Montenegro Republic of Montenegro#name: Podgorica geographic coordinates: 42 26 N 19#noun: Montenegrin(s) adjective: Montenegrin#.me#slightly smaller than Connecticut#18
159##Central America and the Caribbean#Montserrat#conventional long form: none conventional short form: Montserrat#name: Plymouth geographic coordinates: 16 42 N 62 #noun: Montserratian(s) adjective: Montserratian#.ms#about 0.6 times the size of Washington DC#18
160#MAR#Africa#Morocco#conventional long form: Kingdom of Morocco conventional short form: Morocco local long form: Al Mamlakah al Maghribiyah local short form: Al Maghrib#name: Rabat geographic coordinates: 34 01 N 6 49 W#noun: Moroccan(s) adjective: Moroccan#.ma#slightly larger than California#18
161#MOZ#Africa#Mozambique#conventional long form: Republic of Mozambique conventional short form: Mozambique local long form: Republica de Mocambique local short form: Mocambique former: Portuguese East Africa#name: Maputo geographic coordinates: 25 57 S 32 35#noun: Mozambican(s) adjective: Mozambican#.mz#slightly less than twice the size of California#18
162#NAM#Africa#Namibia#conventional long form: Republic of Namibia conventional short form: Namibia local long form: Republic of Namibia local short form: Namibia former: German Southwest Africa South-West Africa#name: Windhoek geographic coordinates: 22 34 S 17 #noun: Namibian(s) adjective: Namibian#.na#slightly more than half the size of Alaska#18
163##Oceania#Nauru#conventional long form: Republic of Nauru conventional short form: Nauru local long form: Republic of Nauru local short form: Nauru former: Pleasant Island#no official capital; government offices in Yaren D#noun: Nauruan(s) adjective: Nauruan#.nr#about 0.1 times the size of Washington DC#20
164##Central America and the Caribbean#Navassa Island#conventional long form: none conventional short form: Navassa Island####about nine times the size of The Mall in Washington DC#0
165#NPL#Asia#Nepal#conventional long form: Federal Democratic Republic of Nepal conventional short form: Nepal local long form: Sanghiya Loktantrik Ganatantra Nepal local short form: Nepal#name: Kathmandu geographic coordinates: 27 43 N 85#noun: Nepalese (singular and plural) adjective: Nepalese#.np#slightly larger than Arkansas#18
166#NLD#Europe#Netherlands#conventional long form: Kingdom of the Netherlands conventional short form: Netherlands local long form: Koninkrijk der Nederlanden local short form: Nederland#name: Amsterdam geographic coordinates: 52 23 N 4 #noun: Dutchman(men) Dutchwoman(women) adjective: Dutch#.nl#slightly less than twice the size of New Jersey#18
167##Central America and the Caribbean#Netherlands Antilles#conventional long form: none conventional short form: Netherlands Antilles local long form: none local short form: Nederlandse Antillen former: Curacao and Dependencies#name: Willemstad (on Curacao) geographic coordinat#noun: Dutch Antillean(s) adjective: Dutch Antillean#.an#more than five times the size of Washington DC#18
168#NCL#Oceania#New Caledonia#conventional long form: Territory of New Caledonia and Dependencies conventional short form: New Caledonia local long form: Territoire des Nouvelle-Caledonie et Dependances local short form: Nouvelle-Caledonie#name: Noumea geographic coordinates: 22 16 S 166 2#noun: New Caledonian(s) adjective: New Caledonian#.nc#slightly smaller than New Jersey#18
169#NZL#Oceania#New Zealand#conventional long form: none conventional short form: New Zealand abbreviation: NZ#name: Wellington geographic coordinates: 41 28 S 1#noun: New Zealander(s) adjective: New Zealand#.nz#about the size of Colorado#18
170#NIC#Central America and the Caribbean#Nicaragua#conventional long form: Republic of Nicaragua conventional short form: Nicaragua local long form: Republica de Nicaragua local short form: Nicaragua#name: Managua geographic coordinates: 12 09 N 86 1#noun: Nicaraguan(s) adjective: Nicaraguan#.ni#slightly smaller than New York state#16
171#NER#Africa#Niger#conventional long form: Republic of Niger conventional short form: Niger local long form: Republique du Niger local short form: Niger#name: Niamey geographic coordinates: 13 31 N 2 07 #noun: Nigerien(s) adjective: Nigerien#.ne#slightly less than twice the size of Texas#18
172#NGA#Africa#Nigeria#conventional long form: Federal Republic of Nigeria conventional short form: Nigeria#name: Abuja geographic coordinates: 9 05 N 7 32 E #noun: Nigerian(s) adjective: Nigerian#.ng#slightly more than twice the size of California#18
173##Oceania#Niue#conventional long form: none conventional short form: Niue note: pronunciation falls between nyu-way and new-way but not like new-wee former: Savage Island#name: Alofi geographic coordinates: 19 01 S 169 55#noun: Niuean(s) adjective: Niuean#.nu#1.5 times the size of Washington DC#18
174##Oceania#Norfolk Island#conventional long form: Territory of Norfolk Island conventional short form: Norfolk Island#name: Kingston geographic coordinates: 29 03 S 167#noun: Norfolk Islander(s) adjective: Norfolk Islander(s)#.nf#about 0.2 times the size of Washington DC#18
175##Oceania#Northern Mariana Islands#conventional long form: Commonwealth of the Northern Mariana Islands conventional short form: Northern Mariana Islands abbreviation: CNMI former: Trust Territory of the Pacific Islands Mariana Islands District#name: Saipan geographic coordinates: 15 12 N 145 4#noun: NA (US citizens) adjective: NA#.mp#2.5 times the size of Washington DC#18
176#NOR#Europe#Norway#conventional long form: Kingdom of Norway conventional short form: Norway local long form: Kongeriket Norge local short form: Norge#name: Oslo geographic coordinates: 59 55 N 10 45 E#noun: Norwegian(s) adjective: Norwegian#.no#slightly larger than New Mexico#18
177#OMN#Middle East#Oman#conventional long form: Sultanate of Oman conventional short form: Oman local long form: Saltanat Uman local short form: Uman former: Muscat and Oman#name: Muscat geographic coordinates: 23 37 N 58 35#noun: Omani(s) adjective: Omani#.om#slightly smaller than Kansas#21
179#PAK#Asia#Pakistan#conventional long form: Islamic Republic of Pakistan conventional short form: Pakistan local long form: Jamhuryat Islami Pakistan local short form: Pakistan former: West Pakistan#name: Islamabad geographic coordinates: 33 42 N 73#noun: Pakistani(s) adjective: Pakistani#.pk#slightly less than twice the size of California#18
180#PLW#Oceania#Palau#conventional long form: Republic of Palau conventional short form: Palau local long form: Beluu er a Belau local short form: Belau former: Trust Territory of the Pacific Islands Palau District#name: Melekeok geographic coordinates: 7 29 N 134 #noun: Palauan(s) adjective: Palauan#.pw#slightly more than 2.5 times the size of Washington DC#18
181#PAN#Central America and the Caribbean#Panama#conventional long form: Republic of Panama conventional short form: Panama local long form: Republica de Panama local short form: Panama#name: Panama geographic coordinates: 8 58 N 79 32 #noun: Panamanian(s) adjective: Panamanian#.pa#slightly smaller than South Carolina#18
182#PNG#Oceania#Papua New Guinea#conventional long form: Independent State of Papua New Guinea conventional short form: Papua New Guinea local short form: Papuaniugini former: Territory of Papua and New Guinea abbreviation: PNG#name: Port Moresby geographic coordinates: 9 30 S #noun: Papua New Guinean(s) adjective: Papua New Guinean#.pg#slightly larger than California#18
183##Southeast Asia#Paracel Islands#conventional long form: none conventional short form: Paracel Islands####NA#0
184#PRY#South America#Paraguay#conventional long form: Republic of Paraguay conventional short form: Paraguay local long form: Republica del Paraguay local short form: Paraguay#name: Asuncion geographic coordinates: 25 16 S 57 #noun: Paraguayan(s) adjective: Paraguayan#.py#slightly smaller than California#18
185#PER#South America#Peru#conventional long form: Republic of Peru conventional short form: Peru local long form: Republica del Peru local short form: Peru#name: Lima geographic coordinates: 12 03 S 77 03 W#noun: Peruvian(s) adjective: Peruvian#.pe#slightly smaller than Alaska#18
186#PHL#Southeast Asia#Philippines#conventional long form: Republic of the Philippines conventional short form: Philippines local long form: Republika ng Pilipinas local short form: Pilipinas#name: Manila geographic coordinates: 14 35 N 121 0#noun: Filipino(s) adjective: Philippine#.ph#slightly larger than Arizona#18
187##Oceania#Pitcairn Islands#conventional long form: Pitcairn Henderson Ducie and Oeno Islands conventional short form: Pitcairn Islands#name: Adamstown geographic coordinates: 25 04 S 13#noun: Pitcairn Islander(s) adjective: Pitcairn Islander#.pn#about 0.3 times the size of Washington DC#18
188#POL#Europe#Poland#conventional long form: Republic of Poland conventional short form: Poland local long form: Rzeczpospolita Polska local short form: Polska#name: Warsaw geographic coordinates: 52 15 N 21 00#noun: Pole(s) adjective: Polish#.pl#slightly smaller than New Mexico#18
189#PRT#Europe#Portugal#conventional long form: Portuguese Republic conventional short form: Portugal local long form: Republica Portuguesa local short form: Portugal#name: Lisbon geographic coordinates: 38 43 N 9 08 #noun: Portuguese (singular and plural) adjective: Portuguese#.pt#slightly smaller than Indiana#18
190##Central America and the Caribbean#Puerto Rico#conventional long form: Commonwealth of Puerto Rico conventional short form: Puerto Rico#name: San Juan geographic coordinates: 18 28 N 66 #noun: Puerto Rican(s) (US citizens) adjective: Puerto Rican#.pr#slightly less than three times the size of Rhode Island#18
191#QAT#Middle East#Qatar#conventional long form: State of Qatar conventional short form: Qatar local long form: Dawlat Qatar local short form: Qatar note: closest approximation of the native pronunciation falls between cutter and gutter but not like guitar#name: Doha geographic coordinates: 25 17 N 51 32 E#noun: Qatari(s) adjective: Qatari#.qa#slightly smaller than Connecticut#18
192#ROU#Europe#Romania#conventional long form: none conventional short form: Romania local long form: none local short form: Romania#name: Bucharest geographic coordinates: 44 26 N 26#noun: Romanian(s) adjective: Romanian#.ro#slightly smaller than Oregon#18
193#RUS#Asia#Russia#conventional long form: Russian Federation conventional short form: Russia local long form: Rossiyskaya Federatsiya local short form: Rossiya former: Russian Empire Russian Soviet Federative Socialist Republic#name: Moscow geographic coordinates: 55 45 N 37 35#noun: Russian(s) adjective: Russian#.ru; note - Russia also has responsibility for a legacy domain .su that was allocated to the Soviet Union and is being phased out#approximately 1.8 times the size of the US#18
194#RWA#Africa#Rwanda#conventional long form: Republic of Rwanda conventional short form: Rwanda local long form: Republika yu Rwanda local short form: Rwanda former: Ruanda German East Africa#name: Kigali geographic coordinates: 1 57 S 30 04 #noun: Rwandan(s) adjective: Rwandan#.rw#slightly smaller than Maryland#18
195##Central America and the Caribbean#Saint Barthelemy#conventional long form: Overseas Collectivity of Saint Barthelemy conventional short form: Saint Barthelemy local long form: Collectivite doutre mer de Saint-Barthelemy local short form: Saint-Barthelemy#name: Gustavia geographic coordinates: 17 53 N 62 ##.bl; note - .gp the internet country code for Guadeloupe and .fr the internet country code for France might also be encountered#less than an eighth of the size of Washington DC#0
196##Africa#Saint Helena#conventional long form: none conventional short form: Saint Helena#name: Jamestown geographic coordinates: 15 56 S 5 #noun: Saint Helenian(s) adjective: Saint Helenian note: referred to locally as Saints#.sh; note - Ascension Island assigned .ac#slightly more than twice the size of Washington DC#0
197#KNA#Central America and the Caribbean#Saint Kitts and Nevis#conventional long form: Federation of Saint Kitts and Nevis conventional short form: Saint Kitts and Nevis former: Federation of Saint Christopher and Nevis#name: Basseterre geographic coordinates: 17 18 N 6#noun: Kittitian(s) Nevisian(s) adjective: Kittitian Nevisian#.kn#1.5 times the size of Washington DC#18
198#LCA#Central America and the Caribbean#Saint Lucia#conventional long form: none conventional short form: Saint Lucia#name: Castries geographic coordinates: 14 01 N 61 #noun: Saint Lucian(s) adjective: Saint Lucian#.lc#3.5 times the size of Washington DC#18
199##Central America and the Caribbean#Saint Martin#conventional long form: Overseas Collectivity of Saint Martin conventional short form: Saint Martin local long form: Collectivity doutre mer de Saint-Martin local short form: Saint-Martin#name: Marigot geographical coordinates: 18 04 N 63##.mf; note - .gp the internet country code for Guadeloupe and .fr the internet country code for France might also be encountered#more than one-third the size of Washington DC#18
200##North America#Saint Pierre and Miquelon#conventional long form: Territorial Collectivity of Saint Pierre and Miquelon conventional short form: Saint Pierre and Miquelon local long form: Departement de Saint-Pierre et Miquelon local short form: Saint-Pierre et Miquelon#name: Saint-Pierre geographic coordinates: 46 46 N#noun: Frenchman(men) Frenchwoman(women) adjective: French#.pm#1.5 times the size of Washington DC#18
201#VCT#Central America and the Caribbean#Saint Vincent and the Grenadines#conventional long form: none conventional short form: Saint Vincent and the Grenadines#name: Kingstown geographic coordinates: 13 09 N 61#noun: Saint Vincentian(s) or Vincentian(s) adjective: Saint Vincentian or Vincentian#.vc#twice the size of Washington DC#18
202#WSM#Oceania#Samoa#conventional long form: Independent State of Samoa conventional short form: Samoa local long form: Malo Saoloto Tutoatasi o Samoa local short form: Samoa former: Western Samoa#name: Apia geographic coordinates: 13 50 S 171 44 #noun: Samoan(s) adjective: Samoan#.ws#slightly smaller than Rhode Island#21
203##Europe#San Marino#conventional long form: Republic of San Marino conventional short form: San Marino local long form: Repubblica di San Marino local short form: San Marino#name: San Marino geographic coordinates: 43 56 N 1#noun: Sammarinese (singular and plural) adjective: Sammarinese#.sm#about one third times the size of Washington DC#18
204#STP#Africa#Sao Tome and Principe#conventional long form: Democratic Republic of Sao Tome and Principe conventional short form: Sao Tome and Principe local long form: Republica Democratica de Sao Tome e Principe local short form: Sao Tome e Principe#name: Sao Tome geographic coordinates: 0 12 N 6 39#noun: Sao Tomean(s) adjective: Sao Tomean#.st#more than five times the size of Washington DC#18
205#SAU#Middle East#Saudi Arabia#conventional long form: Kingdom of Saudi Arabia conventional short form: Saudi Arabia local long form: Al Mamlakah al Arabiyah as Suudiyah local short form: Al Arabiyah as Suudiyah#name: Riyadh geographic coordinates: 24 38 N 46 43#noun: Saudi(s) adjective: Saudi or Saudi Arabian#.sa#slightly more than one-fifth the size of the US#21
206#SEN#Africa#Senegal#conventional long form: Republic of Senegal conventional short form: Senegal local long form: Republique du Senegal local short form: Senegal former: Senegambia (along with The Gambia) Mali Federation#name: Dakar geographic coordinates: 14 40 N 17 26 #noun: Senegalese (singular and plural) adjective: Senegalese#.sn#slightly smaller than South Dakota#18
207#SRB#Europe#Serbia#conventional long form: Republic of Serbia conventional short form: Serbia local long form: Republika Srbija local short form: Srbija former: Peoples Republic of Serbia Socialist Republic of Serbia#name: Belgrade (Beograd) geographic coordinates: 4#noun: Serb(s) adjective: Serbian#.rs#slightly smaller than South Carolina#18
208#SYC#Africa#Seychelles#conventional long form: Republic of Seychelles conventional short form: Seychelles local long form: Republic of Seychelles local short form: Seychelles#name: Victoria geographic coordinates: 4 38 S 55 2#noun: Seychellois (singular and plural) adjective: Seychellois#.sc#2.5 times the size of Washington DC#17
209#SLE#Africa#Sierra Leone#conventional long form: Republic of Sierra Leone conventional short form: Sierra Leone local long form: Republic of Sierra Leone local short form: Sierra Leone#name: Freetown geographic coordinates: 8 30 N 13 1#noun: Sierra Leonean(s) adjective: Sierra Leonean#.sl#slightly smaller than South Carolina#18
210#SGP#Southeast Asia#Singapore#conventional long form: Republic of Singapore conventional short form: Singapore local long form: Republic of Singapore local short form: Singapore#name: Singapore geographic coordinates: 1 17 N 103#noun: Singaporean(s) adjective: Singapore#.sg#slightly more than 3.5 times the size of Washington DC#21
211#SVK#Europe#Slovakia#conventional long form: Slovak Republic conventional short form: Slovakia local long form: Slovenska Republika local short form: Slovensko#name: Bratislava geographic coordinates: 48 09 N 1#noun: Slovak(s) adjective: Slovak#.sk#about twice the size of New Hampshire#18
212#SVN#Europe#Slovenia#conventional long form: Republic of Slovenia conventional short form: Slovenia local long form: Republika Slovenija local short form: Slovenija former: Peoples Republic of Slovenia Socialist Republic of Slovenia#name: Ljubljana geographic coordinates: 46 03 N 14#noun: Slovene(s) adjective: Slovenian#.si#slightly smaller than New Jersey#18
213#SLB#Oceania#Solomon Islands#conventional long form: none conventional short form: Solomon Islands local long form: none local short form: Solomon Islands former: British Solomon Islands#name: Honiara geographic coordinates: 9 26 S 159 5#noun: Solomon Islander(s) adjective: Solomon Islander#.sb#slightly smaller than Maryland#21
214#SOM#Africa#Somalia#conventional long form: none conventional short form: Somalia local long form: Jamhuuriyada Demuqraadiga Soomaaliyeed local short form: Soomaaliya former: Somali Republic Somali Democratic Republic#name: Mogadishu geographic coordinates: 2 04 N 45 #noun: Somali(s) adjective: Somali#.so#slightly smaller than Texas#18
215#ZAF#Africa#South Africa#conventional long form: Republic of South Africa conventional short form: South Africa former: Union of South Africa abbreviation: RSA#name: Pretoria (administrative capital) geographic#noun: South African(s) adjective: South African#.za#slightly less than twice the size of Texas#18
216##Antarctic Region#South Georgia and the South Sandwich Islands#conventional long form: South Georgia and the South Sandwich Islands conventional short form: South Georgia and South Sandwich Islands abbreviation: SGSSI###.gs#slightly larger than Rhode Island#0
218#ESP#Europe#Spain#conventional long form: Kingdom of Spain conventional short form: Spain local long form: Reino de Espana local short form: Espana#name: Madrid geographic coordinates: 40 24 N 3 41 #noun: Spaniard(s) adjective: Spanish#.es#slightly more than twice the size of Oregon#18
219##Southeast Asia#Spratly Islands#conventional long form: none conventional short form: Spratly Islands####NA#0
220#LKA#Asia#Sri Lanka#conventional long form: Democratic Socialist Republic of Sri Lanka conventional short form: Sri Lanka local long form: Shri Lamka Prajatantrika Samajaya di Janarajaya/Ilankai Jananayaka Choshalichak Kutiyarachu local short form: Shri Lamka/Ilankai former:#name: Colombo geographic coordinates: 6 56 N 79 51#noun: Sri Lankan(s) adjective: Sri Lankan#.lk#slightly larger than West Virginia#18
221#SDN#Africa#Sudan#conventional long form: Republic of the Sudan conventional short form: Sudan local long form: Jumhuriyat as-Sudan local short form: As-Sudan former: Anglo-Egyptian Sudan#name: Khartoum geographic coordinates: 15 36 N 32 #noun: Sudanese (singular and plural) adjective: Sudanese#.sd#slightly more than one-quarter the size of the US#17
222#SUR#South America#Suriname#conventional long form: Republic of Suriname conventional short form: Suriname local long form: Republiek Suriname local short form: Suriname former: Netherlands Guiana Dutch Guiana#name: Paramaribo geographic coordinates: 5 50 N 55#noun: Surinamer(s) adjective: Surinamese#.sr#slightly larger than Georgia#18
223##Arctic Region#Svalbard#conventional long form: none conventional short form: Svalbard (sometimes referred to as Spitzbergen)#name: Longyearbyen geographic coordinates: 78 13 N##.sj#slightly smaller than West Virginia#0
224#SWZ#Africa#Swaziland#conventional long form: Kingdom of Swaziland conventional short form: Swaziland local long form: Umbuso weSwatini local short form: eSwatini#name: Mbabane geographic coordinates: 26 18 S 31 0#noun: Swazi(s) adjective: Swazi#.sz#slightly smaller than New Jersey#18
225#SWE#Europe#Sweden#conventional long form: Kingdom of Sweden conventional short form: Sweden local long form: Konungariket Sverige local short form: Sverige#name: Stockholm geographic coordinates: 59 20 N 18#noun: Swede(s) adjective: Swedish#.se#slightly larger than California#18
226#CHE#Europe#Switzerland#conventional long form: Swiss Confederation conventional short form: Switzerland local long form: Schweizerische Eidgenossenschaft (German); Confederation Suisse (French); Confederazione Svizzera (Italian); Confederaziun Svizra (Romansh) local short form:#name: Bern geographic coordinates: 46 57 N 7 26 E #noun: Swiss (singular and plural) adjective: Swiss#.ch#slightly less than twice the size of New Jersey#18
227#SYR#Middle East#Syria#conventional long form: Syrian Arab Republic conventional short form: Syria local long form: Al Jumhuriyah al Arabiyah as Suriyah local short form: Suriyah former: United Arab Republic (with Egypt)#name: Damascus geographic coordinates: 33 30 N 36 #noun: Syrian(s) adjective: Syrian#.sy#slightly larger than North Dakota#18
228##Southeast Asia#Taiwan#conventional long form: none conventional short form: Taiwan local long form: none local short form: Tai-wan former: Formosa#name: Taipei geographic coordinates: 25 03 N 121 3#noun: Taiwan (singular and plural) note: example - he or she is from Taiwan; they are from Taiwan adjective: Taiwan#.tw#slightly smaller than Maryland and Delaware combined#20
229#TJK#Asia#Tajikistan#conventional long form: Republic of Tajikistan conventional short form: Tajikistan local long form: Jumhurii Tojikiston local short form: Tojikiston former: Tajik Soviet Socialist Republic#name: Dushanbe geographic coordinates: 38 35 N 68 #noun: Tajikistani(s) adjective: Tajikistani#.tj#slightly smaller than Wisconsin#18
230#TZA#Africa#Tanzania#conventional long form: United Republic of Tanzania conventional short form: Tanzania local long form: Jamhuri ya Muungano wa Tanzania local short form: Tanzania former: United Republic of Tanganyika and Zanzibar#name: Dar es Salaam geographic coordinates: 6 48 S#noun: Tanzanian(s) adjective: Tanzanian#.tz#slightly larger than twice the size of California#18
231#THA#Southeast Asia#Thailand#conventional long form: Kingdom of Thailand conventional short form: Thailand local long form: Ratcha Anachak Thai local short form: Prathet Thai former: Siam#name: Bangkok geographic coordinates: 13 45 N 100 #noun: Thai (singular and plural) adjective: Thai#.th#slightly more than twice the size of Wyoming#18
232#TLS#Southeast Asia#Timor-Leste#conventional long form: Democratic Republic of Timor-Leste (pronounced TEE-mor LESS-tay) conventional short form: Timor-Leste local long form: Republika Demokratika Timor Lorosae [Tetum]; Republica Democratica de Timor-Leste [Portuguese] local short form#name: Dili geographic coordinates: 8 35 S 125 36 E#noun: Timorese adjective: Timorese#.tl#slightly larger than Connecticut#17
233#TGO#Africa#Togo#conventional long form: Togolese Republic conventional short form: Togo local long form: Republique togolaise local short form: none former: French Togoland#name: Lome geographic coordinates: 6 08 N 1 13 E t#noun: Togolese (singular and plural) adjective: Togolese#.tg#slightly smaller than West Virginia#18
234##Oceania#Tokelau#conventional long form: none conventional short form: Tokelau#none; each atoll has its own administrative center#noun: Tokelauan(s) adjective: Tokelauan#.tk#about 17 times the size of The Mall in Washington DC#21
235#TON#Oceania#Tonga#conventional long form: Kingdom of Tonga conventional short form: Tonga local long form: Puleanga Tonga local short form: Tonga former: Friendly Islands#name: Nukualofa geographic coordinates: 21 08 S 1#noun: Tongan(s) adjective: Tongan#.to#four times the size of Washington DC#21
236#TTO#Central America and the Caribbean#Trinidad and Tobago#conventional long form: Republic of Trinidad and Tobago conventional short form: Trinidad and Tobago#name: Port-of-Spain geographic coordinates: 10 39 #noun: Trinidadian(s) Tobagonian(s) adjective: Trinidadian Tobagonian#.tt#slightly smaller than Delaware#18
237#TUN#Africa#Tunisia#conventional long form: Tunisian Republic conventional short form: Tunisia local long form: Al Jumhuriyah at Tunisiyah local short form: Tunis#name: Tunis geographic coordinates: 36 48 N 10 11 #noun: Tunisian(s) adjective: Tunisian#.tn#slightly larger than Georgia#18
238#TUR#Middle East#Turkey#conventional long form: Republic of Turkey conventional short form: Turkey local long form: Turkiye Cumhuriyeti local short form: Turkiye#name: Ankara geographic coordinates: 39 56 N 32 52#noun: Turk(s) adjective: Turkish#.tr#slightly larger than Texas#18
239#TKM#Asia#Turkmenistan#conventional long form: none conventional short form: Turkmenistan local long form: none local short form: Turkmenistan former: Turkmen Soviet Socialist Republic#name: Ashgabat (Ashkhabad) geographic coordinates:#noun: Turkmen(s) adjective: Turkmen#.tm#slightly larger than California#18
240#TCA#Central America and the Caribbean#Turks and Caicos Islands#conventional long form: none conventional short form: Turks and Caicos Islands abbreviation: TCI#name: Grand Turk (Cockburn Town) geographic coordi#noun: none adjective: none#.tc#2.5 times the size of Washington DC#18
241##Oceania#Tuvalu#conventional long form: none conventional short form: Tuvalu local long form: none local short form: Tuvalu former: Ellice Islands note: Tuvalu means group of eight referring to the countrys eight traditionally inhabited islands#name: Funafuti geographic coordinates: 8 30 S 179 #noun: Tuvaluan(s) adjective: Tuvaluan#.tv#0.1 times the size of Washington DC#18
242#UGA#Africa#Uganda#conventional long form: Republic of Uganda conventional short form: Uganda#name: Kampala geographic coordinates: 0 19 N 32 25#noun: Ugandan(s) adjective: Ugandan#.ug#slightly smaller than Oregon#18
243#UKR#Europe#Ukraine#conventional long form: none conventional short form: Ukraine local long form: none local short form: Ukrayina former: Ukrainian National Republic Ukrainian State Ukrainian Soviet Socialist Republic#name: Kyiv (Kiev) geographic coordinates: 50 26 N #noun: Ukrainian(s) adjective: Ukrainian#.ua#slightly smaller than Texas#18
244#ARE#Middle East#United Arab Emirates#conventional long form: United Arab Emirates conventional short form: none local long form: Al Imarat al Arabiyah al Muttahidah local short form: none former: Trucial Oman Trucial States abbreviation: UAE#name: Abu Dhabi geographic coordinates: 24 28 N 54#noun: Emirati(s) adjective: Emirati#.ae#slightly smaller than Maine#0
245#GBR#Europe#United Kingdom#conventional long form: United Kingdom of Great Britain and Northern Ireland; note - Great Britain includes England Scotland and Wales conventional short form: United Kingdom abbreviation: UK#name: London geographic coordinates: 51 30 N 0 10 #noun: Briton(s) British (collective plural) adjective: British#.uk#slightly smaller than Oregon#18
246#USA#North America#United States#conventional long form: United States of America conventional short form: United States abbreviation: US or USA#name: Washington DC geographic coordinates: 38 53 #noun: American(s) adjective: American#.us#about half the size of Russia; about three-tenths the size of Africa; about half the size of South America (or slightly larger than Brazil); slightly larger than China; more than twice the size of the European Union#18
247##Oceania#United States Pacific Island Wildlife Refuges#conventional long form: none conventional short form: Baker Island; Howland Island; Jarvis Island; Johnston Atoll; Kingman Reef; Midway Islands; Palmyra Atoll####Baker Island: about two and a half times the size of The Mall in Washington DC Howland Island: about three times the size of The Mall in Washington DC Jarvis Island: about eight times the size of The Mall in Washington DC Johnston Atoll: about four and a#0
248#URY#South America#Uruguay#conventional long form: Oriental Republic of Uruguay conventional short form: Uruguay local long form: Republica Oriental del Uruguay local short form: Uruguay former: Banda Oriental Cisplatine Province#name: Montevideo geographic coordinates: 34 53 S 5#noun: Uruguayan(s) adjective: Uruguayan#.uy#slightly smaller than the state of Washington#18
249#UZB#Asia#Uzbekistan#conventional long form: Republic of Uzbekistan conventional short form: Uzbekistan local long form: Ozbekiston Respublikasi local short form: Ozbekiston former: Uzbek Soviet Socialist Republic#name: Tashkent (Toshkent) geographic coordinates: #noun: Uzbekistani adjective: Uzbekistani#.uz#slightly larger than California#18
250#VUT#Oceania#Vanuatu#conventional long form: Republic of Vanuatu conventional short form: Vanuatu local long form: Ripablik blong Vanuatu local short form: Vanuatu former: New Hebrides#name: Port-Vila (on Efate) geographic coordinates:#noun: Ni-Vanuatu (singular and plural) adjective: Ni-Vanuatu#.vu#slightly larger than Connecticut#18
251#VEN#South America#Venezuela#conventional long form: Bolivarian Republic of Venezuela conventional short form: Venezuela local long form: Republica Bolivariana de Venezuela local short form: Venezuela#name: Caracas geographic coordinates: 10 30 N 66 5#noun: Venezuelan(s) adjective: Venezuelan#.ve#slightly more than twice the size of California#18
252#VNM#Southeast Asia#Vietnam#conventional long form: Socialist Republic of Vietnam conventional short form: Vietnam local long form: Cong Hoa Xa Hoi Chu Nghia Viet Nam local short form: Viet Nam abbreviation: SRV#name: Hanoi (Ha Noi) geographic coordinates: 21 02#noun: Vietnamese (singular and plural) adjective: Vietnamese#.vn#slightly larger than New Mexico#18
253##Central America and the Caribbean#Virgin Islands#conventional long form: United States Virgin Islands conventional short form: Virgin Islands former: Danish West Indies abbreviation: USVI#name: Charlotte Amalie geographic coordinates: 18 #noun: Virgin Islander(s) (US citizens) adjective: Virgin Islander#.vi#twice the size of Washington DC#18
254##Oceania#Wake Island#conventional long form: none conventional short form: Wake Island####about 11 times the size of The Mall in Washington DC#0
255##Oceania#Wallis and Futuna#conventional long form: Territory of the Wallis and Futuna Islands conventional short form: Wallis and Futuna local long form: Territoire des Iles Wallis et Futuna local short form: Wallis et Futuna#name: Mata-Utu (on Ile Uvea) geographic coordinate#noun: Wallisian(s) Futunan(s) or Wallis and Futuna Islanders adjective: Wallisian Futunan or Wallis and Futuna Islander#.wf#1.5 times the size of Washington DC#18
256#PSE#Middle East#West Bank#conventional long form: none conventional short form: West Bank##noun: NA adjective: NA#.ps; note - same as Gaza Strip#slightly smaller than Delaware#0
257##Africa#Western Sahara#conventional long form: none conventional short form: Western Sahara former: Spanish Sahara#none time difference: UTC 0 (5 hours ahead of Wash#noun: Sahrawi(s) Sahraoui(s) adjective: Sahrawi Sahrawian Sahraouian#.eh#about the size of Colorado#0
259#YEM#Middle East#Yemen#conventional long form: Republic of Yemen conventional short form: Yemen local long form: Al Jumhuriyah al Yamaniyah local short form: Al Yaman former: Yemen Arab Republic [Yemen (Sanaa) or North Yemen] and Peoples Democratic Republic of Yemen [Yemen (Ad#name: Sanaa geographic coordinates: 15 21 N 44 12 #noun: Yemeni(s) adjective: Yemeni#.ye#slightly larger than twice the size of Wyoming#18
260#ZMB#Africa#Zambia#conventional long form: Republic of Zambia conventional short form: Zambia former: Northern Rhodesia#name: Lusaka geographic coordinates: 15 25 S 28 17#noun: Zambian(s) adjective: Zambian#.zm#slightly larger than Texas#18
261#ZWE#Africa#Zimbabwe#conventional long form: Republic of Zimbabwe conventional short form: Zimbabwe former: Southern Rhodesia Rhodesia#name: Harare geographic coordinates: 17 50 S 31 03#noun: Zimbabwean(s) adjective: Zimbabwean#.zw#slightly larger than Montana#18
